city,faced,pass
Mannar,1179,874
Trincomalee,3690,2654
Mullaitivu,1145,821
Batticaloa,5591,3952
Puttalam,6536,4464
Jaffna,6497,4415
Badulla,10509,7069
Vavuniya,1651,1091
Ampara,7548,4947
Colombo,26867,17606
Nuwara Eliya,6952,4541
Kegalle,10314,6727
Monaragala,5655,3636
Matara,10601,6768
Galle,13255,8459
Kurunegala,19851,12658
Matale,5739,3656
Kalutara,13277,8438
Kilinochchi,1445,913
Ratnapura,13078,8210
Gampaha,21697,13575
Kandy,17428,10717
Anuradhapura,10092,6071
Polonnaruwa,4219,2511
Hambantota,7981,4714
